{
  "resource": 1.270829117466644e+18,
  "total_rps": 1.561939248698381e+17,
  "prestige_points": 0,
  "prestige_multiplier": 1.0,
  "super_multiplier": 2812.337,
  "current_multiplier_index": 0,
  "current_page": 0,
  "button_levels": [
    10,
    10,
    10,
    10,
    5,
    10,
    10,
    10,
    10,
    10,
    10,
    10,
    10,
    11,
    10,
    10,
    10,
    10,
    10,
    11,
    10,
    10,
    2,
    1,
    0,
    0,
    0,
    0,
    0,
    0,
    0,
    0,
    0,
    0,
    0,
    0,
    0,
    0,
    0,
    0,
    0,
    0,
    0,
    0,
    0,
    0,
    0,
    0
  ],
  "save_time": 1749153125.8648844
}